player,birth_date,birth_year,first_season,decade
Tony Battie,"February 11, 1976",1976,2003-04,1970s
Eric Williams,"July 17, 1972",1972,2003-04,1970s
Dajuan Wagner,"February 4, 1983",1983,2003-04,1980s
Bruno Šundov,"February 10, 1980",1980,2003-04,1980s
Michael Stewart,"April 25, 1975",1975,2003-04,1970s
Kevin Ollie,"December 27, 1972",1972,2003-04,1970s
Ira Newble,"January 20, 1975",1975,2003-04,1970s
Darius Miles,"October 9, 1981",1981,2003-04,1980s
Chris Mihm,"July 16, 1979",1979,2003-04,1970s
Jeff McInnis,"October 22, 1974",1974,2003-04,1970s
Lee Nailon,"February 22, 1975",1975,2003-04,1970s
Jason Kapono,"February 4, 1981",1981,2003-04,1980s
Zydrunas Ilgauskas,"June 5, 1975",1975,2003-04,1970s
DeSagana Diop,"January 30, 1982",1982,2003-04,1980s
Ricky Davis,"September 23, 1979",1979,2003-04,1970s
Mateen Cleaves,"September 7, 1977",1977,2003-04,1970s
Kedrick Brown,"March 18, 1981",1981,2003-04,1980s
J.R. Bremer,"September 19, 1980",1980,2003-04,1980s
Carlos Boozer,"November 20, 1981",1981,2003-04,1980s
Jelani McCoy,"December 6, 1977",1977,2003-04,1970s
Eric Snow,"April 24, 1973",1973,2004-05,1970s
Scott Williams,"March 21, 1968",1968,2004-05,1960s
Jiří Welsch,"January 27, 1980",1980,2004-05,1980s
Anderson Varejão,"September 28, 1982",1982,2004-05,1980s
Robert Traylor,"February 1, 1977",1977,2004-05,1970s
Sasha Pavlović,"November 15, 1983",1983,2004-05,1980s
Luke Jackson,"November 6, 1981",1981,2004-05,1980s
Lucious Harris,"December 18, 1970",1970,2004-05,1970s
Drew Gooden,"September 24, 1981",1981,2004-05,1980s
Jérôme Moïso,"June 15, 1978",1978,2004-05,1970s
Mike Wilks,"May 7, 1979",1979,2005-06,1970s
Ronald Murray,"July 29, 1979",1979,2005-06,1970s
Donyell Marshall,"May 18, 1973",1973,2005-06,1970s
Larry Hughes,"January 23, 1979",1979,2005-06,1970s
Alan Henderson,"December 2, 1972",1972,2005-06,1970s
Zendon Hamilton,"April 27, 1975",1975,2005-06,1970s
Stephen Graham,"June 11, 1982",1982,2005-06,1980s
Martynas Andriuškevičius,"March 12, 1986",1986,2005-06,1980s
Damon Jones,"August 25, 1976",1976,2005-06,1970s
Scot Pollard,"February 12, 1975",1975,2006-07,1970s
David Wesley,"November 14, 1970",1970,2006-07,1970s
Daniel Gibson,"February 27, 1986",1986,2006-07,1980s
Shannon Brown,"November 29, 1985",1985,2006-07,1980s
Dwayne Jones,"June 9, 1983",1983,2006-07,1980s
Delonte West,"July 26, 1983",1983,2007-08,1980s
Ben Wallace,"September 10, 1974",1974,2007-08,1970s
Billy Thomas,"December 23, 1975",1975,2007-08,1970s
Wally Szczerbiak,"March 5, 1977",1977,2007-08,1970s
Joe Smith,"July 26, 1975",1975,2007-08,1970s
Cedric Simmons,"January 3, 1986",1986,2007-08,1980s
Demetris Nichols,"September 4, 1984",1984,2007-08,1980s
Lance Allred,"February 2, 1981",1981,2007-08,1980s
Kaniel Dickens,"July 21, 1978",1978,2007-08,1970s
Devin Brown,"December 30, 1978",1978,2007-08,1970s
Lorenzen Wright,"November 4, 1975",1975,2008-09,1970s
Mo Williams,"December 19, 1982",1982,2008-09,1980s
Jawad Williams,"February 19, 1983",1983,2008-09,1980s
Tarence Kinsey,"March 21, 1984",1984,2008-09,1980s
Trey Johnson,"August 30, 1984",1984,2008-09,1980s
Darnell Jackson,"November 7, 1985",1985,2008-09,1980s
J.J. Hickson,"September 4, 1988",1988,2008-09,1980s
Anthony Parker,"June 19, 1975",1975,2009-10,1970s
Sebastian Telfair,"June 9, 1985",1985,2009-10,1980s
Leon Powe,"January 22, 1984",1984,2009-10,1980s
Shaquille O'Neal,"March 6, 1972",1972,2009-10,1970s
Coby Karl,"March 6, 1983",1983,2009-10,1980s
Antawn Jamison,"June 12, 1976",1976,2009-10,1970s
Cedric Jackson,"March 5, 1986",1986,2009-10,1980s
Jamario Moon,"June 13, 1980",1980,2009-10,1980s
Danny Green,"June 22, 1987",1987,2009-10,1980s
Jerry Stackhouse,"November 5, 1974",1974,2010-11,1970s
Dexter Pittman,"March 2, 1988",1988,2010-11,1980s
Mike Miller,"February 19, 1980",1980,2010-11,1980s
Jamaal Magloire,"May 21, 1978",1978,2010-11,1970s
James Jones,"October 4, 1980",1980,2010-11,1980s
Juwan Howard,"February 7, 1973",1973,2010-11,1970s
Dwyane Wade,"January 17, 1982",1982,2010-11,1980s
Udonis Haslem,"June 9, 1980",1980,2010-11,1980s
Erick Dampier,"July 14, 1975",1975,2010-11,1970s
Mario Chalmers,"May 19, 1986",1986,2010-11,1980s
Chris Bosh,"March 24, 1984",1984,2010-11,1980s
Mike Bibby,"May 13, 1978",1978,2010-11,1970s
Carlos Arroyo,"July 30, 1979",1979,2010-11,1970s
Joel Anthony,"August 9, 1982",1982,2010-11,1980s
Eddie House,"May 14, 1978",1978,2010-11,1970s
Ronny Turiaf,"January 13, 1983",1983,2011-12,1980s
Terrel Harris,"August 10, 1987",1987,2011-12,1980s
Eddy Curry,"December 5, 1982",1982,2011-12,1980s
Norris Cole,"October 13, 1988",1988,2011-12,1980s
Shane Battier,"September 9, 1978",1978,2011-12,1970s
Mickell Gladness,"July 26, 1986",1986,2011-12,1980s
Jarvis Varnado,"March 1, 1988",1988,2012-13,1980s
Rashard Lewis,"August 8, 1979",1979,2012-13,1970s
Chris Andersen,"July 7, 1978",1978,2012-13,1970s
Ray Allen,"July 20, 1975",1975,2012-13,1970s
Josh Harrellson,"February 12, 1989",1989,2012-13,1980s
Greg Oden,"January 22, 1988",1988,2013-14,1980s
Roger Mason,"September 10, 1980",1980,2013-14,1980s
DeAndre Liggins,"March 31, 1988",1988,2013-14,1980s
Justin Hamilton,"April 1, 1990",1990,2013-14,1990s
Toney Douglas,"March 16, 1986",1986,2013-14,1980s
Michael Beasley,"January 9, 1989",1989,2013-14,1980s
Kendrick Perkins,"November 10, 1984",1984,2014-15,1980s
A.J. Price,"October 7, 1986",1986,2014-15,1980s
Iman Shumpert,"June 26, 1990",1990,2014-15,1990s
Dion Waiters,"December 10, 1991",1991,2014-15,1990s
Tristan Thompson,"March 13, 1991",1991,2014-15,1990s
Timofey Mozgov,"July 16, 1986",1986,2014-15,1980s
J.R. Smith,"September 9, 1985",1985,2014-15,1980s
Lou Amundson,"December 7, 1982",1982,2014-15,1980s
Kevin Love,"September 7, 1988",1988,2014-15,1980s
Alex Kirk,"November 14, 1991",1991,2014-15,1990s
Kyrie Irving,"March 23, 1992",1992,2014-15,1990s
Brendan Haywood,"November 27, 1979",1979,2014-15,1970s
Joe Harris,"September 6, 1991",1991,2014-15,1990s
Matthew Dellavedova,"September 8, 1990",1990,2014-15,1990s
Will Cherry,"February 8, 1991",1991,2014-15,1990s
Shawn Marion,"May 7, 1978",1978,2014-15,1970s
Jordan McRae,"March 28, 1991",1991,2015-16,1990s
Sasha Kaun,"May 8, 1985",1985,2015-16,1980s
Dahntay Jones,"December 27, 1980",1980,2015-16,1980s
Richard Jefferson,"June 21, 1980",1980,2015-16,1980s
Channing Frye,"May 17, 1983",1983,2015-16,1980s
Jared Cunningham,"May 22, 1991",1991,2015-16,1990s
Larry Sanders,"November 21, 1988",1988,2016-17,1980s
Derrick Williams,"May 25, 1991",1991,2016-17,1990s
Deron Williams,"June 26, 1984",1984,2016-17,1980s
Edy Tavares,"March 22, 1992",1992,2016-17,1990s
Kay Felder,"March 29, 1995",1995,2016-17,1990s
Mike Dunleavy,"September 15, 1980",1980,2016-17,1980s
Andrew Bogut,"November 28, 1984",1984,2016-17,1980s
Kyle Korver,"March 17, 1981",1981,2016-17,1980s
London Perrantes,"October 3, 1994",1994,2017-18,1990s
Derrick Rose,"October 4, 1988",1988,2017-18,1980s
Ante Žižić,"January 4, 1997",1997,2017-18,1990s
Isaiah Thomas,"February 7, 1989",1989,2017-18,1980s
Cedi Osman,"April 8, 1995",1995,2017-18,1990s
Jordan Clarkson,"June 7, 1992",1992,2017-18,1990s
Larry Nance Jr.,"January 1, 1993",1993,2017-18,1990s
Jae Crowder,"July 6, 1990",1990,2017-18,1990s
Jeff Green,"August 28, 1986",1986,2017-18,1980s
José Calderón,"September 28, 1981",1981,2017-18,1980s
John Holland,"November 6, 1988",1988,2017-18,1980s
Rodney Hood,"October 20, 1992",1992,2017-18,1990s
George Hill,"May 4, 1986",1986,2017-18,1980s
Scott Machado,"June 8, 1990",1990,2018-19,1990s
Ivica Zubac,"March 18, 1997",1997,2018-19,1990s
Johnathan Williams,"May 22, 1995",1995,2018-19,1990s
Moritz Wagner,"April 26, 1997",1997,2018-19,1990s
Lance Stephenson,"September 5, 1990",1990,2018-19,1990s
Rajon Rondo,"February 22, 1986",1986,2018-19,1980s
Svi Mykhailiuk,"June 10, 1997",1997,2018-19,1990s
Mike Muscala,"July 1, 1991",1991,2018-19,1990s
JaVale McGee,"January 19, 1988",1988,2018-19,1980s
Kyle Kuzma,"July 24, 1995",1995,2018-19,1990s
Jemerrio Jones,"April 9, 1995",1995,2018-19,1990s
Brandon Ingram,"September 2, 1997",1997,2018-19,1990s
Isaac Bonga,"November 8, 1999",1999,2018-19,1990s
Reggie Bullock,"March 16, 1991",1991,2018-19,1990s
Kentavious Caldwell-Pope,"February 18, 1993",1993,2018-19,1990s
Lonzo Ball,"October 27, 1997",1997,2018-19,1990s
Tyson Chandler,"October 2, 1982",1982,2018-19,1980s
Josh Hart,"March 6, 1995",1995,2018-19,1990s
Andre Ingram,"November 19, 1985",1985,2018-19,1980s
Alex Caruso,"February 28, 1994",1994,2018-19,1990s
Dwight Howard,"December 8, 1985",1985,2019-20,1980s
Zach Norvell,"December 9, 1997",1997,2019-20,1990s
Markieff Morris,"September 2, 1989",1989,2019-20,1980s
Talen Horton-Tucker,"November 25, 2000",2000,2019-20,2000s
Jared Dudley,"July 10, 1985",1985,2019-20,1980s
Kostas Antetokounmpo,"November 20, 1997",1997,2019-20,1990s
Anthony Davis,"March 11, 1993",1993,2019-20,1990s
Troy Daniels,"July 15, 1991",1991,2019-20,1990s
Quinn Cook,"March 23, 1993",1993,2019-20,1990s
Devontae Cacok,"October 8, 1996",1996,2019-20,1990s
Avery Bradley,"November 26, 1990",1990,2019-20,1990s
Damian Jones,"June 30, 1995",1995,2020-21,1990s
Wesley Matthews,"October 14, 1986",1986,2020-21,1980s
Ben McLemore,"February 11, 1993",1993,2020-21,1990s
Dennis Schröder,"September 15, 1993",1993,2020-21,1990s
Alfonzo McKinnie,"September 17, 1992",1992,2020-21,1990s
Montrezl Harrell,"January 26, 1994",1994,2020-21,1990s
Andre Drummond,"August 10, 1993",1993,2020-21,1990s
Marc Gasol,"January 29, 1985",1985,2020-21,1980s
Stanley Johnson,"May 29, 1996",1996,2021-22,1990s
Mason Jones,"July 21, 1998",1998,2021-22,1990s
DeAndre Jordan,"July 21, 1988",1988,2021-22,1980s
Mac McClung,"January 6, 1999",1999,2021-22,1990s
Austin Reaves,"May 29, 1998",1998,2021-22,1990s
Russell Westbrook,"November 12, 1988",1988,2021-22,1980s
Jay Huff,"August 25, 1998",1998,2021-22,1990s
Malik Monk,"February 4, 1998",1998,2021-22,1990s
D.J. Augustin,"November 10, 1987",1987,2021-22,1980s
Wenyen Gabriel,"March 26, 1997",1997,2021-22,1990s
Wayne Ellington,"November 29, 1987",1987,2021-22,1980s
Sekou Doumbouya,"December 23, 2000",2000,2021-22,2000s
Darren Collison,"August 23, 1987",1987,2021-22,1980s
Chaundee Brown Jr.,"December 4, 1998",1998,2021-22,1990s
Kent Bazemore,"July 1, 1989",1989,2021-22,1980s
Trevor Ariza,"June 30, 1985",1985,2021-22,1980s
Carmelo Anthony,"May 29, 1984",1984,2021-22,1980s
Davon Reed,"June 11, 1995",1995,2022-23,1990s
D'Angelo Russell,"February 23, 1996",1996,2022-23,1990s
Matt Ryan,"April 17, 1997",1997,2022-23,1990s
Cole Swider,"May 8, 1999",1999,2022-23,1990s
Juan Toscano-Anderson,"April 10, 1993",1993,2022-23,1990s
Jarred Vanderbilt,"April 3, 1999",1999,2022-23,1990s
Lonnie Walker IV,"December 14, 1998",1998,2022-23,1990s
Scotty Pippen Jr.,"November 10, 2000",2000,2022-23,2000s
Malik Beasley,"November 26, 1996",1996,2022-23,1990s
Shaquille Harrison,"October 6, 1993",1993,2022-23,1990s
Rui Hachimura,"February 8, 1998",1998,2022-23,1990s
Max Christie,"February 10, 2003",2003,2022-23,2000s
Thomas Bryant,"July 31, 1997",1997,2022-23,1990s
Troy Brown Jr.,"July 28, 1999",1999,2022-23,1990s
Sterling Brown,"February 10, 1995",1995,2022-23,1990s
Patrick Beverley,"July 12, 1988",1988,2022-23,1980s
Kendrick Nunn,"August 3, 1995",1995,2022-23,1990s
Mo Bamba,"May 12, 1998",1998,2022-23,1990s
Taurean Prince,"March 22, 1994",1994,2023-24,1990s
Christian Wood,"September 27, 1995",1995,2023-24,1990s
Cam Reddish,"September 1, 1999",1999,2023-24,1990s
Skylar Mays,"September 5, 1997",1997,2023-24,1990s
Gabe Vincent,"June 14, 1996",1996,2023-24,1990s
Dylan Windler,"September 22, 1996",1996,2023-24,1990s
Maxwell Lewis,"July 27, 2002",2002,2023-24,2000s
D'Moi Hodge,"December 20, 1998",1998,2023-24,1990s
Jaxson Hayes,"May 23, 2000",2000,2023-24,2000s
Harry Giles,"April 22, 1998",1998,2023-24,1990s
Alex Fudge,"May 6, 2003",2003,2023-24,2000s
Spencer Dinwiddie,"April 6, 1993",1993,2023-24,1990s
Colin Castleton,"May 25, 2000",2000,2023-24,2000s
Jalen Hood-Schifino,"June 19, 2003",2003,2023-24,2000s
Shake Milton,"September 26, 1996",1996,2024-25,1990s
Quincy Olivari,"May 27, 2001",2001,2024-25,2000s
Armel Traoré,"January 23, 2003",2003,2024-25,2000s
Alex Len,"June 16, 1993",1993,2024-25,1990s
Christian Koloko,"June 20, 2000",2000,2024-25,2000s
Maxi Kleber,"January 29, 1992",1992,2024-25,1990s
Dalton Knecht,"April 19, 2001",2001,2024-25,2000s
Luka Dončić,"February 28, 1999",1999,2024-25,1990s
Dorian Finney-Smith,"May 4, 1993",1993,2024-25,1990s
Jordan Goodwin,"October 23, 1998",1998,2024-25,1990s
Bronny James,"October 6, 2004",2004,2024-25,2000s
Trey Jemison,"November 28, 1999",1999,2024-25,1990s
Jake LaRavia,"November 3, 2001",2001,2025-26,2000s
Drew Timme,"September 9, 2000",2000,2025-26,2000s
Adou Thiero,"May 8, 2004",2004,2025-26,2000s
Nick Smith Jr.,"April 18, 2004",2004,2025-26,2000s
Marcus Smart,"March 6, 1994",1994,2025-26,1990s
Chris Mañon,"December 9, 2001",2001,2025-26,2000s
Luke Kennard,"June 24, 1996",1996,2025-26,1990s
Kobe Bufkin,"September 21, 2003",2003,2025-26,2000s
Deandre Ayton,"July 23, 1998",1998,2025-26,1990s
